Writer,Status,Genre,Works written,Awards,Location
Jaan Kross,Surnud,Proosa,35,18,Kodumaal
Doris Kareva,Elus,Luule,28,15,Kodumaal
Andrus Kivirähk,Elus,Proosa,42,16,Kodumaal
Viivi Luik,Elus,Proosa,24,14,Kodumaal
Kristiina Ehin,Elus,Luule,22,12,Kodumaal
Tõnu Õnnepalu,Elus,Proosa,31,13,Kodumaal
Leelo Tungal,Elus,Luule,55,17,Kodumaal
Hando Runnel,Elus,Luule,38,19,Kodumaal
Ene Sepp,Elus,Noortekirjandus,16,7,Kodumaal
Mihkel Mutt,Elus,Proosa,45,20,Kodumaal
Mats Traat,Surnud,Proosa,60,22,Kodumaal
Betti Alver,Surnud,Luule,25,16,Kodumaal
Marie Under,Surnud,Luule,30,21,Eksiilis
Henrik Visnapuu,Surnud,Luule,34,12,Eksiilis
Karl Ristikivi,Surnud,Proosa,27,11,Eksiilis
August Gailit,Surnud,Proosa,40,14,Eksiilis
Gustav Suits,Surnud,Luule,29,15,Eksiilis
Friedebert Tuglas,Surnud,Proosa,48,20,Kodumaal
Anton Hansen Tammsaare,Surnud,Proosa,37,13,Kodumaal
Oskar Luts,Surnud,Proosa,32,10,Kodumaal
Eduard Vilde,Surnud,Proosa,44,17,Kodumaal
Maarja Kangro,Elus,Proosa,26,11,Kodumaal
Hasso Krull,Elus,Luule,33,18,Kodumaal
Mehis Heinsaar,Elus,Proosa,21,9,Kodumaal
Maarja Undusk,Elus,Proosa,18,6,Kodumaal